Threshold,Precision,Recall,F1
0.01,0.38181818181818183,0.8513513513513513,0.5271966527196653
0.02,0.4864864864864865,0.8513513513513513,0.6191646191646192
0.03,0.5338983050847458,0.8513513513513513,0.65625
0.04,0.56,0.8513513513513513,0.675603217158177
0.05,0.5943396226415094,0.8513513513513513,0.7
0.06,0.6146341463414634,0.8513513513513513,0.7138810198300283
0.07,0.628140703517588,0.8445945945945946,0.7204610951008645
0.08,0.6443298969072165,0.8445945945945946,0.7309941520467836
0.09,0.6578947368421053,0.8445945945945946,0.7396449704142012
0.1,0.6793478260869565,0.8445945945945946,0.7530120481927711
0.11,0.6906077348066298,0.8445945945945946,0.7598784194528876
0.12,0.7167630057803468,0.8378378378378378,0.7725856697819314
0.13,0.7321428571428571,0.831081081081081,0.7784810126582279
0.14,0.7409638554216867,0.831081081081081,0.7834394904458599
0.15,0.7454545454545455,0.831081081081081,0.7859424920127795
0.16,0.7454545454545455,0.831081081081081,0.7859424920127795
0.17,0.7639751552795031,0.831081081081081,0.7961165048543689
0.18,0.7784810126582279,0.831081081081081,0.803921568627451
0.19,0.7784810126582279,0.831081081081081,0.803921568627451
0.2,0.7884615384615384,0.831081081081081,0.8092105263157895
0.21,0.7987012987012987,0.831081081081081,0.8145695364238411
0.22,0.7987012987012987,0.831081081081081,0.8145695364238411
0.23,0.7987012987012987,0.831081081081081,0.8145695364238411
0.24,0.803921568627451,0.831081081081081,0.8172757475083057
0.25,0.8145695364238411,0.831081081081081,0.822742474916388
0.26,0.8145695364238411,0.831081081081081,0.822742474916388
0.27,0.8133333333333334,0.8243243243243243,0.8187919463087249
0.28,0.8187919463087249,0.8243243243243243,0.8215488215488216
0.29,0.8243243243243243,0.8243243243243243,0.8243243243243243
0.3,0.8243243243243243,0.8243243243243243,0.8243243243243243
0.31,0.8243243243243243,0.8243243243243243,0.8243243243243243
0.32,0.8243243243243243,0.8243243243243243,0.8243243243243243
0.33,0.8299319727891157,0.8243243243243243,0.8271186440677966
0.34,0.8299319727891157,0.8243243243243243,0.8271186440677966
0.35,0.8299319727891157,0.8243243243243243,0.8271186440677966
0.36,0.8299319727891157,0.8243243243243243,0.8271186440677966
0.37,0.8299319727891157,0.8243243243243243,0.8271186440677966
0.38,0.8299319727891157,0.8243243243243243,0.8271186440677966
0.39,0.8299319727891157,0.8243243243243243,0.8271186440677966
0.4,0.8356164383561644,0.8243243243243243,0.8299319727891157
0.41,0.8356164383561644,0.8243243243243243,0.8299319727891157
0.42,0.8356164383561644,0.8243243243243243,0.8299319727891157
0.43,0.8413793103448276,0.8243243243243243,0.8327645051194539
0.44,0.8413793103448276,0.8243243243243243,0.8327645051194539
0.45,0.8413793103448276,0.8243243243243243,0.8327645051194539
0.46,0.8413793103448276,0.8243243243243243,0.8327645051194539
0.47,0.8413793103448276,0.8243243243243243,0.8327645051194539
0.48,0.8413793103448276,0.8243243243243243,0.8327645051194539
0.49,0.8402777777777778,0.8175675675675675,0.8287671232876712
0.5,0.852112676056338,0.8175675675675675,0.8344827586206897
0.51,0.8581560283687943,0.8175675675675675,0.8373702422145328
0.52,0.8581560283687943,0.8175675675675675,0.8373702422145328
0.53,0.8581560283687943,0.8175675675675675,0.8373702422145328
0.54,0.8571428571428571,0.8108108108108109,0.8333333333333334
0.55,0.8571428571428571,0.8108108108108109,0.8333333333333334
0.56,0.8571428571428571,0.8108108108108109,0.8333333333333334
0.57,0.8633093525179856,0.8108108108108109,0.8362369337979094
0.58,0.8633093525179856,0.8108108108108109,0.8362369337979094
0.59,0.8759124087591241,0.8108108108108109,0.8421052631578947
0.6,0.8759124087591241,0.8108108108108109,0.8421052631578947
0.61,0.8759124087591241,0.8108108108108109,0.8421052631578947
0.62,0.8759124087591241,0.8108108108108109,0.8421052631578947
0.63,0.8759124087591241,0.8108108108108109,0.8421052631578947
0.64,0.8759124087591241,0.8108108108108109,0.8421052631578947
0.65,0.8759124087591241,0.8108108108108109,0.8421052631578947
0.66,0.8759124087591241,0.8108108108108109,0.8421052631578947
0.67,0.875,0.8040540540540541,0.8380281690140845
0.68,0.875,0.8040540540540541,0.8380281690140845
0.69,0.875,0.8040540540540541,0.8380281690140845
0.7,0.875,0.8040540540540541,0.8380281690140845
0.71,0.8880597014925373,0.8040540540540541,0.8439716312056738
0.72,0.8880597014925373,0.8040540540540541,0.8439716312056738
0.73,0.8880597014925373,0.8040540540540541,0.8439716312056738
0.74,0.8880597014925373,0.8040540540540541,0.8439716312056738
0.75,0.8880597014925373,0.8040540540540541,0.8439716312056738
0.76,0.8880597014925373,0.8040540540540541,0.8439716312056738
0.77,0.8947368421052632,0.8040540540540541,0.8469750889679716
0.78,0.8947368421052632,0.8040540540540541,0.8469750889679716
0.79,0.8939393939393939,0.7972972972972973,0.8428571428571429
0.8,0.8939393939393939,0.7972972972972973,0.8428571428571429
0.81,0.8939393939393939,0.7972972972972973,0.8428571428571429
0.82,0.8939393939393939,0.7972972972972973,0.8428571428571429
0.83,0.9007633587786259,0.7972972972972973,0.8458781362007168
0.84,0.9007633587786259,0.7972972972972973,0.8458781362007168
0.85,0.9007633587786259,0.7972972972972973,0.8458781362007168
0.86,0.9007633587786259,0.7972972972972973,0.8458781362007168
0.87,0.9007633587786259,0.7972972972972973,0.8458781362007168
0.88,0.9007633587786259,0.7972972972972973,0.8458781362007168
0.89,0.9007633587786259,0.7972972972972973,0.8458781362007168
0.9,0.9,0.7905405405405406,0.841726618705036
0.91,0.9,0.7905405405405406,0.841726618705036
0.92,0.9,0.7905405405405406,0.841726618705036
0.93,0.9,0.7905405405405406,0.841726618705036
0.94,0.8992248062015504,0.7837837837837838,0.8375451263537906
0.95,0.90625,0.7837837837837838,0.8405797101449275
0.96,0.9126984126984127,0.777027027027027,0.8394160583941606
0.97,0.9274193548387096,0.777027027027027,0.8455882352941176
0.98,0.9338842975206612,0.7635135135135135,0.8401486988847584
0.99,0.940677966101695,0.75,0.8345864661654135
